Layer #	Weight Sparsity (%)	OU Config
1	0.3431712962962963	4 x 4
2	0.408203125	4 x 4
3	0.2207438151041666	4 x 4
4	0.2311740451388889	4 x 4
5	0.11216905381944442	4 x 4
6	0.0833604600694444	4 x 4
7	0.044908311631944406	4 x 4
8	0.0504608154296875	4 x 4
9	0.0620083279079861	4 x 4
10	0.0697313944498698	4 x 4
11	0.05397076076931421	4 x 4
12	0.05136617024739581	4 x 4
13	0.0624139573838975	4 x 4
14	0.2153863322978117	4 x 4
15	0.1416109800338745	4 x 4
16	0.063052734375	4 x 4
